Song,Artist,1,2,3,4,5,6,7,8,9,10,11,12,13,14,15,16,17,18,19,20,21,22,23,24,25,26,27,28,29,30,31,32
Take On Me,A-Ha,0,0,0,0,0,0,0,0,0,4,0,0,3,0,0,0,0,0,0,0,5,3,0,3,0,5,0,3,3,0,0,1
Thunderstruck,Ac/Dc,0,0,0,0,3,0,0,0,0,4,0,0,4,0,3,0,0,0,0,0,5,0,0,0,0,1,0,3,2,0,0,0
Hello,Adele,2,0,0,0,3,1,0,0,0,3,0,0,2,0,2,0,0,0,2,0,2,1,0,0,0,3,0,0,4,0,0,2
Rolling In The Deep,Adele,0,0,0,0,4,1,0,0,0,3,0,0,1,0,1,0,0,0,4,0,2,0,0,0,0,3,0,4,3,0,0,2
Scars To Your Beautiful,Alessia Cara,0,0,0,0,3,0,0,0,0,3,0,0,0,0,3,0,0,0,1,0,0,0,0,0,0,1,0,0,2,0,0,0
I Found,Amber Run,0,0,0,0,0,0,0,0,0,3,0,0,0,0,0,0,0,0,0,0,0,0,0,0,0,1,0,0,1,0,0,0
Rise Up,Andra Day,0,0,0,0,0,0,0,0,0,4,0,0,0,0,0,0,0,0,0,0,0,0,0,0,0,1,0,0,2,0,0,0
Sprawl Ii (Mountains Beyond Mountains),Arcade Fire,3,0,0,0,0,0,0,0,0,5,0,0,0,0,0,0,0,0,0,0,0,0,0,5,0,1,0,0,2,0,0,0
The Suburbs,Arcade Fire,0,0,0,0,0,0,0,0,0,5,0,0,4,0,0,0,0,0,0,0,0,0,0,0,0,1,0,0,3,0,0,0
Do I Wanna Know?,Arctic Monkeys,2,0,0,0,0,0,0,0,0,5,0,0,3,0,0,0,0,0,5,0,1,3,0,0,0,1,0,0,2,0,0,0
"Thank U, Next",Ariana Grande,0,0,0,0,2,0,0,0,0,4,0,0,0,0,2,0,0,0,1,0,0,0,0,0,0,1,0,0,2,0,0,0
7 Rings,Ariana Grande,5,0,0,0,0,0,0,0,0,3,0,0,0,0,3,0,0,0,1,0,0,0,0,0,0,1,0,0,3,0,0,0
God Is A Woman,Ariana Grande,0,0,0,0,1,1,0,0,0,1,0,0,0,0,3,0,0,0,1,0,0,0,0,0,0,1,0,0,4,0,0,0
Into You,Ariana Grande,5,0,0,0,2,0,0,0,0,1,0,0,0,0,4,0,0,0,2,0,0,0,0,0,0,1,0,0,2,0,0,0
The Way,Ariana Grande Ft. Mac Miller,5,0,0,0,2,0,0,0,0,1,0,0,0,0,0,0,0,0,1,0,0,0,0,0,0,1,0,0,2,0,0,0
Side To Side,Ariana Grande Ft. Nicki Minaj,0,0,0,0,2,1,0,0,0,2,0,0,0,0,2,0,0,0,1,0,1,2,0,0,0,1,0,0,2,0,0,0
Levels,Avicii,0,0,0,0,0,1,0,0,0,3,0,0,0,0,0,0,0,0,0,0,0,0,0,0,0,1,0,0,2,0,0,0
Wake Me Up,Avicii,0,0,0,0,2,1,0,0,0,3,0,0,0,0,0,0,0,0,0,0,0,0,0,0,0,1,0,0,2,0,0,2
Sail,Awolnation,4,0,0,0,1,0,0,0,0,4,0,0,0,0,0,0,0,0,0,0,0,0,0,1,0,1,0,0,2,0,0,0
Efecto,Bad Bunny,0,0,0,0,0,1,0,0,0,2,0,0,0,0,0,0,0,0,4,0,0,0,0,0,0,1,0,0,3,0,0,0
Tití Me Preguntó,Bad Bunny,0,0,0,0,0,0,0,0,0,0,0,0,0,0,3,0,0,0,5,0,0,5,0,0,0,1,0,0,3,0,0,0
Ojitos Lindos,Bad Bunny Ft. Bomba Estéreo,0,0,0,0,0,0,0,0,0,3,0,0,0,0,4,0,0,0,4,0,0,5,0,0,0,1,0,0,3,0,0,0
Dakiti,Bad Bunny Ft. Jhay Cortez,0,0,0,0,0,0,0,0,0,4,0,0,0,0,4,0,0,0,5,0,0,5,0,0,0,1,0,0,3,0,0,0
Space Song,Beach House,0,0,0,0,0,0,0,0,0,5,0,0,5,0,0,0,0,0,4,0,0,0,0,0,0,1,0,0,3,0,0,0
Meant To Be,Bebe Rexha & Florida Georgia Line,1,0,0,0,0,0,0,0,0,1,0,0,0,0,0,0,0,0,1,0,0,0,0,0,0,1,0,0,4,0,0,0
Supalonely,Benee Ft. Gus Dapperton,0,0,0,0,0,0,0,0,0,1,0,0,0,0,0,0,0,0,0,0,0,0,0,0,0,1,0,0,4,0,0,0
Eastside,"Benny Blanco, Halsey & Khalid",0,0,0,0,0,0,0,0,0,1,0,0,0,0,3,0,0,0,0,0,0,0,0,0,0,1,0,0,4,0,0,0
16 Carriages,Beyoncé,0,0,0,0,0,0,0,0,0,1,0,0,0,0,0,0,0,0,0,0,0,0,0,0,0,1,0,0,1,0,0,0
Formation,Beyoncé,0,0,0,0,0,0,0,0,0,1,0,0,0,0,0,0,0,0,3,0,0,0,0,0,0,1,0,0,1,0,0,0
Texas Hold ’Em,Beyoncé,0,0,0,0,0,0,0,0,0,1,0,0,3,0,0,0,0,0,0,0,0,0,0,0,0,1,0,0,1,0,0,0
Drunk In Love,Beyoncé Ft. Jay-Z,2,0,0,0,0,0,0,0,0,1,0,0,0,0,0,0,0,0,0,0,0,4,0,0,0,1,0,0,1,0,0,0
Bad Guy,Billie Eilish,0,0,0,0,0,0,0,0,0,2,0,0,0,0,3,0,0,0,3,0,0,4,0,0,0,1,0,0,1,0,0,0
Birds Of A Feather,Billie Eilish,0,4,0,0,0,0,0,0,0,3,0,0,0,0,3,0,0,0,4,0,0,5,0,0,0,1,0,0,1,0,0,0
Chihiro,Billie Eilish,0,0,0,0,0,0,0,0,0,3,0,0,4,0,0,0,0,0,5,0,0,4,0,0,0,1,0,0,1,0,0,0
Happier Than Ever,Billie Eilish,0,0,0,0,0,0,0,0,0,4,0,0,0,0,3,0,0,0,0,0,0,4,0,0,0,1,0,0,1,0,0,0
Lunch,Billie Eilish,0,0,0,0,0,0,0,0,0,3,0,0,0,0,0,0,0,0,5,0,0,3,0,0,0,1,0,0,1,0,0,0
When The Party’S Over,Billie Eilish,2,0,0,0,0,0,0,0,0,3,0,0,0,0,0,0,0,0,3,0,0,4,0,0,0,1,0,0,1,0,0,0
Skinny Love (Cover),Birdy,0,0,0,0,0,0,0,0,0,2,0,0,0,0,0,0,0,0,0,0,0,0,0,0,0,1,0,0,1,0,0,0
Ddu-Du Ddu-Du,Blackpink,5,0,0,0,0,0,0,0,0,0,0,0,0,0,2,0,0,0,0,0,0,0,0,0,0,1,0,0,2,0,0,0
Kill This Love,Blackpink,0,0,0,0,0,0,0,0,0,0,0,0,0,0,2,0,0,0,0,0,0,0,0,0,0,1,0,0,2,0,0,0
Holocene,Bon Iver,0,0,0,0,0,0,0,0,0,4,0,0,0,0,0,0,0,0,0,0,0,0,0,0,0,1,0,0,2,0,0,0
Livin' On A Prayer,Bon Jovi,0,0,0,0,4,0,0,0,0,3,0,0,0,0,0,0,0,0,0,0,0,4,0,0,0,4,0,4,2,1,0,1
Don'T Go,Bring Me The Horizon,5,0,0,0,0,0,0,0,0,0,0,0,0,0,0,0,0,0,0,0,0,0,0,0,0,1,0,0,2,0,0,0
24K Magic,Bruno Mars,0,4,0,0,0,0,0,0,0,2,0,0,0,0,2,0,0,0,5,0,4,4,0,0,0,2,0,0,2,0,0,0
Just The Way You Are,Bruno Mars,0,5,0,0,3,1,0,0,0,3,0,0,0,0,2,0,0,0,5,0,3,3,0,1,0,2,0,4,2,0,0,0
Locked Out Of Heaven,Bruno Mars,0,5,0,0,2,1,0,0,0,2,0,0,0,0,1,0,0,0,5,0,3,3,0,0,0,2,0,4,2,0,0,0
That’S What I Like,Bruno Mars,0,4,0,0,2,1,0,0,0,3,0,0,0,0,3,0,0,0,5,0,4,3,0,0,0,1,0,0,2,0,0,2
Butter,Bts,0,0,0,0,0,0,0,0,0,0,0,0,0,0,2,0,0,0,3,0,0,0,0,0,0,1,0,0,2,0,0,0
Dynamite,Bts,0,3,0,0,0,0,0,0,0,0,0,0,0,0,2,0,0,0,3,0,0,0,0,0,0,1,0,0,4,0,0,0
Life Goes On,Bts,0,0,0,0,0,0,0,0,0,0,0,0,0,0,3,0,0,0,0,0,0,0,0,0,0,1,0,0,4,0,0,0
Cigarette Daydreams,Cage The Elephant,0,0,0,0,0,0,0,0,0,4,0,0,0,0,0,0,0,0,0,0,0,4,0,0,0,1,0,3,4,0,0,0
One Kiss,Calvin Harris & Dua Lipa,0,0,0,0,5,0,0,0,0,3,0,0,0,0,3,0,0,0,0,0,0,0,0,0,0,1,0,3,4,0,0,0
Sweet Nothing,Calvin Harris Ft. Florence Welch,0,0,0,0,0,1,0,0,0,4,0,0,5,0,0,0,0,0,0,0,0,0,0,0,0,1,0,0,4,0,0,0
Havana,Camila Cabello Ft. Young Thug,0,0,0,0,3,1,0,0,0,2,0,0,0,0,3,0,0,0,0,0,0,0,0,0,0,1,0,0,4,0,0,1
Wap,Cardi B Ft. Megan Thee Stallion,0,0,0,0,0,0,0,0,0,4,0,0,0,0,2,0,0,0,0,0,0,0,0,0,0,1,0,0,4,0,0,1
I Like It,"Cardi B, Bad Bunny & J Balvin",0,0,0,0,0,0,0,0,0,3,0,0,0,0,3,0,0,0,0,0,0,4,0,0,0,1,0,0,5,0,0,0
Can’T Do Without You,Caribou,0,0,0,0,0,0,0,0,0,4,0,0,0,0,0,0,0,0,0,0,0,0,0,0,0,1,0,0,5,0,0,0
Before He Cheats,Carrie Underwood,0,0,0,0,2,0,0,0,0,1,0,0,0,0,0,0,0,0,0,0,0,0,0,0,0,1,0,4,5,0,0,3
Something In The Water,Carrie Underwood,0,0,0,0,0,0,0,0,0,1,0,0,0,0,0,0,0,0,0,0,0,0,0,0,0,1,0,0,5,0,0,0
"Good Luck, Babe!",Chappell Roan,0,0,0,0,0,0,0,0,0,2,0,0,0,0,4,0,0,0,2,0,0,0,0,0,0,1,0,0,5,0,0,0
Boys,Charli Xcx,0,0,0,0,0,0,0,0,0,3,0,0,0,0,0,0,0,0,0,0,0,0,0,0,0,1,0,0,5,0,0,0
Redbone,Childish Gambino,0,5,0,0,0,0,0,0,0,3,0,0,0,0,0,0,0,0,4,0,3,5,0,0,0,1,0,5,5,0,0,0
This Is America,Childish Gambino,0,0,0,0,0,0,0,0,0,1,0,0,0,0,0,0,0,0,3,0,4,3,0,5,0,1,0,0,5,0,0,2
The Mother We Share,Chvrches,0,0,0,0,0,0,0,0,0,3,0,0,0,0,0,0,0,0,0,0,0,0,0,0,0,1,0,0,1,0,0,0
Loverboy,Claire Rosinkranz,0,0,0,0,0,0,0,0,0,1,0,0,0,0,0,0,0,0,0,0,0,0,0,0,0,1,0,0,1,0,0,0
Rather Be,Clean Bandit Ft. Jess Glynne,0,0,0,0,3,0,0,0,0,3,0,0,0,0,0,0,0,0,0,0,0,0,0,0,0,1,0,0,1,0,0,0
A Sky Full Of Stars,Coldplay,0,0,0,0,0,1,0,0,0,2,0,0,0,0,0,0,0,0,0,0,0,0,0,1,0,1,0,0,1,0,0,3
Paradise,Coldplay,0,0,0,0,0,1,0,0,0,3,0,0,0,0,0,0,0,0,0,0,0,0,0,1,0,1,0,0,1,0,0,0
Banana (Dj Fle Remix),Conkarah Ft. Shaggy,5,0,0,0,0,1,0,0,0,0,0,0,0,0,0,0,0,0,0,0,0,0,0,0,0,1,0,0,1,0,0,0
Stunnin’,Curtis Waters,5,0,0,0,0,0,0,0,0,0,0,0,0,0,0,0,0,0,0,0,0,0,0,0,0,1,0,0,1,0,0,0
Get Lucky,Daft Punk Ft. Pharrell Williams & Nile Rodgers,1,2,0,0,0,0,0,0,0,5,0,0,5,0,0,0,0,0,3,0,4,0,0,5,0,1,0,0,1,0,0,0
Speechless,Dan + Shay,0,0,0,0,0,0,0,0,0,4,0,0,0,0,0,0,0,0,0,0,0,0,0,0,0,1,0,0,2,0,0,0
Best Part,Daniel Caesar Ft. H.E.R.,0,4,0,0,0,0,0,0,0,3,0,0,0,0,4,0,0,0,3,0,0,0,0,0,0,1,0,0,2,0,0,0
Wagon Wheel,Darius Rucker,0,0,0,0,0,0,0,0,0,3,0,0,0,0,0,0,0,0,0,0,0,0,0,0,0,1,0,0,2,0,0,0
Youth,Daughter,0,0,0,0,0,0,0,0,0,4,0,0,0,0,0,0,0,0,0,0,0,0,0,0,0,1,0,0,2,0,0,0
Titanium,David Guetta Ft. Sia,0,0,0,0,3,1,0,0,0,4,0,0,0,0,3,0,0,0,2,0,0,0,0,0,0,1,0,5,2,0,0,0
Pour Some Sugar On Me,Def Leppard,0,0,0,0,0,0,0,0,0,3,0,0,0,0,0,0,0,0,0,0,0,0,0,1,0,4,0,2,2,0,0,3
Cool For The Summer,Demi Lovato,0,0,0,0,2,0,0,0,0,1,0,0,0,0,2,0,0,0,0,0,0,0,0,0,0,1,0,0,2,0,0,0
Come On Eileen,Dexys Midnight Runners,0,0,0,0,0,0,0,0,0,5,0,0,0,0,0,0,0,0,0,0,0,0,0,4,0,1,0,0,2,0,0,0
Latch,Disclosure Ft. Sam Smith,0,0,0,0,0,0,0,0,0,2,0,0,4,0,0,0,0,0,0,0,0,0,0,0,0,1,0,0,2,0,0,0
The Sound Of Silence,Disturbed,5,0,0,0,0,1,0,0,0,0,0,0,0,0,0,0,0,0,0,0,0,0,0,0,0,1,0,0,3,0,0,3
I'M The One,"Dj Khaled Ft. Justin Bieber, Quavo, Chance The Rapper & Lil Wayne",0,0,0,0,0,0,0,0,0,0,0,0,0,0,2,0,0,0,0,0,0,0,0,0,0,1,0,0,3,0,0,0
Taki Taki,"Dj Snake Ft. Ozuna, Cardi B & Selena Gomez",0,0,0,0,0,1,0,0,0,0,0,0,0,0,2,0,0,0,2,0,0,0,0,0,0,1,0,0,3,0,0,0
Say So,Doja Cat,0,0,0,0,0,0,0,0,0,2,0,0,0,0,3,0,0,0,4,0,0,3,0,0,0,1,0,0,3,0,0,0
Ella Y Yo,Don Omar & Aventura,0,0,0,0,0,0,0,0,0,1,0,0,0,0,0,0,0,0,0,0,0,4,0,0,0,1,0,0,3,0,0,0
God'S Plan,Drake,0,0,0,0,0,0,0,0,0,2,0,0,0,0,3,0,0,0,0,0,0,4,0,0,0,1,0,0,2,0,0,0
God’S Plan,Drake,0,0,0,0,0,0,0,0,0,2,0,0,0,0,3,0,0,0,0,0,0,4,0,0,0,1,0,0,2,0,0,0
Hotline Bling,Drake,0,0,0,0,0,0,0,0,0,2,0,0,0,0,2,0,0,0,0,0,0,0,0,0,0,1,0,0,2,0,0,0
In My Feelings,Drake,0,0,0,0,0,0,0,0,0,2,0,0,0,0,3,0,0,0,0,0,0,0,0,0,0,1,0,0,2,0,0,0
Nice For What,Drake,0,0,0,0,0,0,0,0,0,2,0,0,0,0,0,0,0,0,0,0,0,0,0,0,0,1,0,0,2,0,0,0
Nonstop,Drake,0,0,0,0,0,0,0,0,0,2,0,0,0,0,3,0,0,0,0,0,0,3,0,0,0,1,0,0,2,0,0,0
Laugh Now Cry Later,Drake Ft. Lil Durk,0,0,0,0,0,0,0,0,0,3,0,0,0,0,3,0,0,0,0,0,0,3,0,0,0,1,0,0,1,0,0,0
One Dance,Drake Ft. Wizkid & Kyla,0,0,0,0,0,0,0,0,0,3,0,0,0,0,4,0,0,0,0,0,0,0,0,0,0,1,0,0,1,0,0,0
Don'T Start Now,Dua Lipa,5,0,0,0,5,0,0,0,0,2,0,0,0,0,0,0,0,0,0,0,0,0,0,0,0,1,0,0,1,0,0,0
Levitating,Dua Lipa Ft. Dababy,0,0,0,0,5,1,0,0,0,1,0,0,0,0,3,0,0,0,0,0,0,0,0,0,0,1,0,0,1,0,0,0
Arcade,Duncan Laurence,0,0,0,0,0,0,0,0,0,0,0,0,0,0,0,0,0,0,0,0,0,0,0,0,0,1,0,0,4,0,0,0
Hotel California,Eagles,0,0,0,0,3,0,0,0,0,4,0,0,4,0,0,0,0,0,0,0,5,0,0,0,0,5,0,5,4,0,0,5
Take It Easy,Eagles,0,0,0,0,0,0,0,0,0,5,0,0,0,0,0,0,0,0,0,0,0,0,0,0,0,5,0,5,4,0,0,0
Perfect,Ed Sheeran,0,0,0,0,4,0,0,0,0,3,0,0,0,0,3,0,0,0,0,0,0,0,0,0,0,1,0,0,4,0,0,5
Shape Of You,Ed Sheeran,0,0,0,0,5,0,0,0,0,2,0,0,0,0,2,0,0,0,0,0,2,0,0,0,0,1,0,0,3,0,0,4
Thinking Out Loud,Ed Sheeran,0,0,0,0,0,0,0,0,0,2,0,0,0,0,0,0,0,0,0,0,0,0,0,0,0,1,0,0,2,0,0,5
Lights,Ellie Goulding,0,0,0,0,3,0,0,0,0,3,0,0,0,0,3,0,0,0,0,0,0,0,0,0,0,1,0,0,2,0,0,0
Cold Heart (Pnau Remix),Elton John & Dua Lipa,0,0,0,0,0,0,0,0,0,0,0,0,0,0,0,0,0,0,0,0,0,0,0,0,0,1,0,0,2,0,0,4
Love The Way You Lie,Eminem Ft. Rihanna,0,0,0,0,3,1,0,0,0,3,0,0,0,0,0,0,0,0,0,0,0,0,0,0,0,1,0,0,2,0,0,5
The Monster,Eminem Ft. Rihanna,0,0,0,0,3,0,0,0,0,3,0,0,0,0,4,0,0,0,0,0,1,0,0,0,0,1,0,0,2,0,0,3
Bailando,"Enrique Iglesias Ft. Sean Paul, Descemer Bueno, Gente De Zona",0,0,0,0,3,1,0,0,0,1,0,0,0,0,3,0,0,0,0,0,4,0,0,0,0,1,0,0,2,0,0,3
Pepas,Farruko,0,0,0,0,0,0,0,0,0,3,0,0,0,0,3,0,0,0,5,0,0,0,0,0,0,1,0,0,2,0,0,0
Trap Queen,Fetty Wap,0,0,0,0,0,0,0,0,0,0,0,0,0,0,0,0,0,0,4,0,3,4,0,0,0,1,0,0,2,0,0,0
Cupid (Twin Version),Fifty Fifty,5,0,0,0,0,0,0,0,0,1,0,0,0,0,1,0,0,0,5,3,2,3,0,0,0,1,0,0,2,0,0,0
Clone,Fletcher,0,0,0,0,0,0,0,0,0,0,0,0,0,0,0,0,0,0,0,0,0,0,0,0,0,1,0,0,2,0,0,0
Cruise,Florida Georgia Line Ft. Nelly,0,0,0,0,0,0,0,0,0,0,0,0,0,0,0,0,0,0,0,0,0,0,0,0,0,1,0,0,2,0,0,0
Never Be Like You,Flume Ft. Kai,0,0,0,0,0,0,0,0,0,0,0,0,0,0,0,0,0,0,2,0,0,0,0,0,0,1,0,0,2,0,0,0
Pumped Up Kicks,Foster The People,1,0,0,0,5,0,0,0,0,3,0,0,0,0,0,0,0,0,0,0,2,0,0,0,0,3,0,0,2,0,0,0
Stacy'S Mom,Fountains Of Wayne,0,0,0,0,4,0,0,0,0,4,0,0,0,0,0,0,0,0,0,0,0,0,0,0,0,1,0,4,2,0,0,4
Nights,Frank Ocean,0,0,0,0,0,0,0,0,0,0,0,0,4,0,0,0,0,0,0,0,0,4,0,0,0,1,0,5,2,0,0,0
Pyramids,Frank Ocean,0,0,0,0,0,0,0,0,0,0,0,0,0,0,0,0,0,0,3,0,0,4,0,0,0,1,0,5,2,0,0,0
Take Me Out,Franz Ferdinand,2,0,0,0,2,0,0,0,0,3,0,0,0,0,0,0,0,0,0,0,0,0,0,5,0,1,0,5,2,0,0,0
Mask Off,Future,4,0,0,0,0,0,0,0,0,3,0,0,0,0,2,0,0,0,0,0,2,4,0,0,0,1,0,0,2,0,0,0
Abcdefu,Gayle,0,0,0,0,0,0,0,0,0,0,0,0,0,0,1,0,0,0,0,0,0,0,0,0,0,1,0,0,2,0,0,0
Lost In The Fire,Gesaffelstein & The Weeknd,5,0,0,0,0,0,0,0,0,2,0,0,0,0,3,0,0,0,0,0,0,4,0,0,0,1,0,0,2,0,0,0
Heat Waves,Glass Animals,0,0,0,0,0,0,0,0,0,3,0,0,5,0,2,0,0,0,0,0,3,0,0,0,0,1,0,0,2,0,0,0
Crew,"Goldlink Ft. Brent Faiyaz, Shy Glizzy",0,0,0,0,0,0,0,0,0,0,0,0,0,0,0,0,0,0,0,0,0,0,0,0,0,1,0,0,3,0,0,0
Somebody That I Used To Know,Gotye Ft. Kimbra,0,0,0,0,3,0,0,0,0,1,0,0,0,0,0,0,0,0,5,0,3,0,0,0,0,5,0,0,3,0,0,5
The Thrill Is Gone,Gracie Abrams,0,0,0,0,0,0,0,0,0,0,0,0,0,0,0,0,0,0,0,0,0,0,0,0,0,1,0,0,3,0,0,0
Oblivion,Grimes,5,0,0,0,0,0,0,0,0,3,0,0,0,0,0,0,0,0,0,0,0,0,0,0,0,1,0,0,3,0,0,0
Tongue Tied,Grouplove,0,0,0,0,0,0,0,0,0,3,0,0,0,0,0,0,0,0,0,0,0,4,0,0,0,1,0,0,3,0,0,0
I Can'T Breathe,H.E.R.,0,0,0,0,0,0,0,0,0,0,0,0,0,0,0,0,0,0,0,0,0,3,0,0,0,1,0,0,3,0,0,0
Adore You,Harry Styles,0,0,0,0,0,0,0,0,0,0,0,0,0,0,3,0,0,0,0,0,0,4,0,0,0,1,0,0,3,0,0,0
As It Was,Harry Styles,0,3,0,0,0,0,0,0,0,1,0,0,0,0,2,0,0,0,3,0,3,4,0,0,0,1,0,0,3,0,0,3
Watermelon Sugar,Harry Styles,0,0,0,0,0,0,0,0,0,1,0,0,0,0,2,0,0,0,3,0,1,4,0,0,0,1,0,0,3,0,0,3
Something About You,Hayden James,0,0,0,0,0,0,0,0,0,3,0,0,5,0,0,0,0,0,0,0,0,0,0,0,0,1,0,0,3,0,0,0
Take Me To Church,Hozier,0,0,0,0,0,0,0,0,0,3,0,0,0,0,0,0,0,0,0,0,1,0,0,4,0,1,0,0,3,0,0,5
Let It Go,Idina Menzel,0,0,0,0,4,0,0,0,0,2,0,0,0,0,3,0,0,0,0,0,0,0,0,0,0,1,0,0,3,0,0,1
Believer,Imagine Dragons,0,0,0,0,5,0,0,0,0,2,0,0,0,0,3,0,0,0,4,0,1,3,0,1,0,1,0,0,3,0,0,3
Demons,Imagine Dragons,0,0,0,0,5,0,0,0,0,2,0,0,0,0,0,0,0,0,0,0,0,0,0,0,0,1,0,0,3,0,0,0
Radioactive,Imagine Dragons,0,0,0,0,5,0,0,0,0,3,0,0,0,0,0,0,0,0,4,2,0,3,0,1,0,1,0,0,3,1,0,4
Thunder,Imagine Dragons,0,0,0,0,5,0,0,0,0,2,0,0,0,0,2,0,0,0,0,0,0,3,0,1,0,1,0,0,3,0,0,5
Mi Gente,J Balvin & Willy William,0,0,0,0,0,1,0,0,0,1,0,0,0,0,2,0,0,0,0,0,0,0,0,0,0,1,0,0,3,0,0,0
Middle Child,J. Cole,0,3,0,0,0,0,0,0,0,3,0,0,0,0,3,0,0,0,0,0,0,5,0,0,0,1,0,0,3,0,0,0
First Class,Jack Harlow,0,0,0,0,0,0,0,0,0,0,0,0,0,0,1,0,0,0,0,0,0,0,0,0,0,1,0,0,3,0,0,0
Where Are Ü Now,Jack Ü (Skrillex & Diplo) Ft. Justin Bieber,0,0,0,0,0,0,0,0,0,0,0,0,0,0,2,0,0,0,0,0,0,0,0,0,0,1,0,3,3,0,0,0
Say You Won'T Let Go,James Arthur,0,0,0,0,0,0,0,0,0,2,0,0,0,0,2,0,0,0,0,0,0,0,0,0,0,1,0,0,2,0,0,0
Tightrope,Janelle Monáe,0,0,0,0,0,0,0,0,0,0,0,0,0,0,0,0,0,0,0,0,0,0,0,0,0,1,0,0,2,0,0,0
Savage Love,Jawsh 685 & Jason Derulo,3,0,0,0,0,0,0,0,0,0,0,0,0,0,1,0,0,0,0,0,0,0,0,0,0,1,0,0,2,0,0,0
King’S Dead,"Jay Rock, Kendrick Lamar, Future",0,0,0,0,0,0,0,0,0,0,0,0,5,0,0,0,0,0,0,0,0,5,0,0,0,1,0,0,2,0,0,0
All Of Me,John Legend,0,0,0,0,0,0,0,0,0,3,0,0,0,0,3,0,0,0,0,0,0,5,0,1,0,1,0,0,2,0,0,4
Sucker,Jonas Brothers,0,0,0,0,0,0,0,0,0,0,0,0,0,0,3,0,0,0,0,0,0,0,0,0,0,1,0,0,2,0,0,0
Don'T Stop Believin',Journey,0,0,0,0,5,0,0,0,0,3,0,0,0,0,0,0,0,0,0,0,0,0,0,3,0,1,0,0,2,0,0,4
If The World Was Ending,Jp Saxe Ft. Julia Michaels,0,0,0,0,0,0,0,0,0,2,0,0,0,0,0,0,0,0,0,0,0,0,0,0,0,1,0,0,2,0,0,0
Lucid Dreams,Juice Wrld,0,0,0,0,0,0,0,0,0,0,0,0,0,0,4,0,0,0,0,0,0,0,0,0,0,1,0,3,2,0,0,0
Love Yourself,Justin Bieber,0,0,0,0,0,0,0,0,0,0,0,0,0,0,4,0,0,0,0,0,0,0,0,0,0,1,0,0,2,0,0,0
Sorry,Justin Bieber,0,0,0,0,0,0,0,0,0,0,0,0,0,0,2,0,0,0,0,0,0,0,0,0,0,1,0,0,2,0,0,0
What Do You Mean?,Justin Bieber,0,0,0,0,0,0,0,0,0,0,0,0,0,0,3,0,0,0,0,0,0,0,0,0,0,1,0,0,2,0,0,0
Peaches,"Justin Bieber Ft. Daniel Caesar, Giveon",1,0,0,0,0,0,0,0,0,0,0,0,0,0,1,0,0,0,0,0,0,4,0,0,0,1,0,0,2,0,0,0
Golden Hour,Jvke,0,0,0,0,0,0,0,0,0,2,0,0,0,0,3,0,0,0,0,0,0,0,0,0,0,1,0,0,2,0,0,0
After The Storm,"Kali Uchis Ft. Tyler, The Creator & Bootsy Collins",0,0,0,0,0,0,0,0,0,0,0,0,0,0,0,0,0,0,4,0,0,3,0,0,0,1,0,4,2,0,0,0
Runaway,Kanye West Ft. Pusha T,0,0,0,0,0,0,0,0,0,5,0,0,5,0,0,0,0,0,0,0,0,5,0,0,0,1,0,5,2,0,0,0
Running Up That Hill,Kate Bush,0,0,0,0,0,0,0,0,0,0,0,0,3,0,0,0,0,0,0,0,0,0,0,3,0,3,0,0,2,0,0,4
Firework,Katy Perry,0,0,0,0,2,1,0,0,0,2,0,0,2,0,2,0,0,0,0,0,4,0,0,0,0,1,0,2,2,0,0,0
Roar,Katy Perry,0,0,0,0,2,1,0,0,0,2,0,0,0,0,3,0,0,0,0,0,2,0,0,0,0,1,0,1,2,0,0,2
Dark Horse,Katy Perry Ft. Juicy J,5,0,0,0,2,1,0,0,0,2,0,0,0,0,3,0,0,0,0,0,4,0,0,0,0,1,0,1,2,0,0,0
California Gurls,Katy Perry Ft. Snoop Dogg,0,0,0,0,3,0,0,0,0,3,0,0,0,0,3,0,0,0,5,0,5,3,0,0,0,1,0,4,2,0,0,2
Alright,Kendrick Lamar,0,0,0,0,0,0,0,0,0,3,0,0,4,0,0,0,0,0,0,0,5,5,0,0,0,4,0,0,2,0,0,0
Humble.,Kendrick Lamar,0,0,0,0,0,0,0,0,0,2,0,0,3,0,3,0,0,0,3,0,4,5,0,0,0,4,0,0,2,0,0,0
Not Like Us,Kendrick Lamar,0,0,0,0,0,0,0,0,0,3,0,0,3,0,3,0,0,0,2,0,5,5,0,5,0,4,0,0,2,0,0,2
Loyalty.,Kendrick Lamar Ft. Rihanna,0,0,0,0,0,0,0,0,0,3,0,0,4,0,2,0,0,0,5,0,0,5,0,0,0,4,0,0,2,0,0,0
Location,Khalid,0,0,0,0,0,0,0,0,0,0,0,0,0,0,2,0,0,0,5,0,0,0,0,0,0,1,0,0,2,0,0,0
Motion,Khalid,0,0,0,0,0,0,0,0,0,2,0,0,0,0,0,0,0,0,0,0,0,0,0,0,0,1,0,0,2,0,0,0
Talk,Khalid,5,4,0,0,0,0,0,0,0,2,0,0,0,0,2,0,0,0,0,0,0,0,0,0,0,1,0,0,2,0,0,0
Higher Love,Kygo & Whitney Houston,0,0,0,0,0,0,0,0,0,0,0,0,0,0,0,0,0,0,0,0,0,0,0,0,0,1,0,0,2,0,0,0
Need You Now,Lady Antebellum,0,0,0,0,2,0,0,0,0,1,0,0,0,0,0,0,0,0,0,0,0,0,0,0,0,1,0,0,2,0,0,0
Bloody Mary,Lady Gaga,0,0,0,0,0,1,0,0,0,3,0,0,0,0,0,0,0,0,0,0,3,0,0,0,0,1,0,0,2,0,0,0
Hold My Hand,Lady Gaga,0,0,0,0,0,0,0,0,0,3,0,0,0,0,0,0,0,0,0,0,0,0,0,0,0,1,0,0,2,0,0,0
Shallow,Lady Gaga & Bradley Cooper,0,0,0,0,0,1,0,0,0,3,0,0,0,0,0,0,0,0,0,0,0,0,0,0,0,1,0,0,2,0,0,2
Video Games,Lana Del Rey,0,0,0,0,0,0,0,0,0,2,0,0,4,0,0,0,0,0,0,0,0,0,0,0,0,1,0,0,2,0,0,0
You Say,Lauren Daigle,0,0,0,0,0,0,0,0,0,2,0,0,0,0,0,0,0,0,0,0,0,0,0,0,0,1,0,0,2,0,0,0
River,Leon Bridges,0,0,0,0,0,0,0,0,0,3,0,0,0,0,0,0,0,0,0,0,0,0,0,0,0,1,0,0,2,0,0,0
Before You Go,Lewis Capaldi,0,0,0,0,0,0,0,0,0,0,0,0,0,0,3,0,0,0,0,0,0,0,0,0,0,1,0,0,2,0,0,3
Forever,Lewis Capaldi,0,0,0,0,0,0,0,0,0,2,0,0,0,0,0,0,0,0,0,0,0,0,0,0,0,1,0,0,2,0,0,0
Someone You Loved,Lewis Capaldi,0,0,0,0,5,0,0,0,0,3,0,0,0,0,0,0,0,0,0,0,0,0,0,0,0,1,0,0,2,0,0,3
Montero (Call Me By Your Name),Lil Nas X,0,0,0,0,0,0,0,0,0,0,0,0,0,0,0,0,0,0,0,0,0,0,0,0,0,1,0,0,2,0,0,0
Industry Baby,Lil Nas X & Jack Harlow,0,0,0,0,0,0,0,0,0,0,0,0,5,0,0,0,0,0,0,0,2,0,0,0,0,1,0,0,2,0,0,0
Old Town Road (Remix),Lil Nas X Ft. Billy Ray Cyrus,0,0,0,0,0,0,0,0,0,0,0,0,0,0,0,0,0,0,0,0,1,0,0,0,0,1,0,0,2,0,0,4
Old Town Road,Lil Nas X Ft. Billy Ray Cyrus,0,0,0,0,0,0,0,0,0,0,0,0,0,0,0,0,0,0,0,0,1,4,0,0,0,1,0,0,2,0,0,4
Lalisa,Lisa,0,0,0,0,0,0,0,0,0,0,0,0,0,0,0,0,0,0,0,0,0,0,0,0,0,1,0,0,2,0,0,0
Money,Lisa,0,0,0,0,0,0,0,0,0,1,0,0,0,0,2,0,0,0,0,0,0,0,0,0,0,1,0,0,2,0,0,0
Good As Hell,Lizzo,0,0,0,0,0,0,0,0,0,3,0,0,0,0,0,0,0,0,0,0,0,0,0,0,0,1,0,0,2,0,0,0
Truth Hurts,Lizzo,2,0,0,0,0,0,0,0,0,4,0,0,0,0,0,0,0,0,5,0,0,0,0,0,0,1,0,0,2,0,0,0
The Night We Met,Lord Huron,5,0,0,0,0,0,0,0,0,4,0,0,0,0,0,0,0,0,0,0,0,0,0,0,0,1,0,0,2,0,0,0
Green Light,Lorde,0,0,0,0,0,0,0,0,0,3,0,0,3,0,0,0,0,0,0,0,0,0,0,0,0,1,0,0,2,0,0,0
Ribs,Lorde,0,0,0,0,0,0,0,0,0,4,0,0,4,0,0,0,0,0,0,0,0,4,0,0,0,1,0,0,2,0,0,0
Royals,Lorde,0,0,0,0,0,0,0,0,0,4,0,0,5,0,0,0,0,0,3,0,0,0,0,0,0,1,0,0,2,0,0,0
Team,Lorde,0,0,0,0,2,0,0,0,0,4,0,0,5,0,0,0,0,0,0,0,0,0,0,0,0,1,0,0,2,0,0,0
Experience,Ludovico Einaudi,0,0,0,0,0,0,0,0,0,5,0,0,0,0,0,0,0,0,0,0,0,0,0,0,0,1,0,0,2,0,0,0
Despacito,Luis Fonsi Ft. Daddy Yankee (Remix Ft. Justin Bieber),0,0,0,0,0,0,0,0,0,2,0,0,0,0,2,0,0,0,0,0,3,0,0,0,0,1,0,0,2,0,0,0
I Follow Rivers,Lykke Li,0,0,0,0,0,0,0,0,0,3,0,0,0,0,0,0,0,0,0,0,0,0,0,0,0,1,0,0,2,0,0,0
Sweet Home Alabama,Lynyrd Skynyrd,0,0,0,0,0,0,0,0,0,3,0,0,0,0,0,0,0,0,0,0,0,0,0,1,0,1,0,0,2,0,0,3
Midnight City,M83,0,0,0,0,0,0,0,0,0,3,0,0,0,0,0,0,0,0,0,0,0,0,0,4,0,1,0,0,2,0,0,0
Rude,Magic!,0,0,0,0,2,0,0,0,0,3,0,0,0,0,2,0,0,0,3,0,2,0,0,0,0,1,0,0,2,0,0,0
Lean On,Major Lazer & Dj Snake Ft. Mø,3,0,0,0,2,1,0,0,0,0,0,0,0,0,3,0,0,0,0,0,0,0,0,0,0,1,0,0,2,0,0,0
Hawái,Maluma,3,0,0,0,0,0,0,0,0,2,0,0,0,0,0,0,0,0,0,0,0,0,0,0,0,1,0,0,2,0,0,0
Beggin',Måneskin,0,0,0,0,0,0,0,0,0,1,0,0,0,0,0,0,0,0,0,0,3,0,0,0,0,1,0,0,2,0,0,2
My Church,Maren Morris,0,0,0,0,0,0,0,0,0,1,0,0,0,0,0,0,0,0,0,0,0,0,0,0,0,1,0,0,2,0,0,0
The Bones,Maren Morris Ft. Hozier,0,0,0,0,0,0,0,0,0,2,0,0,0,0,0,0,0,0,0,0,0,0,0,0,0,1,0,0,2,0,0,0
Uptown Funk,Mark Ronson Ft. Bruno Mars,0,0,0,0,2,1,0,0,0,3,0,0,0,0,3,0,0,0,3,0,3,0,0,4,0,1,0,0,2,0,0,0
Animals,Maroon 5,0,0,0,0,2,1,0,0,0,2,0,0,0,0,3,0,0,0,0,0,1,3,0,0,0,1,0,0,2,0,0,0
Girls Like You,Maroon 5 Ft. Cardi B,0,0,0,0,2,1,0,0,0,2,0,0,0,0,2,0,0,0,0,0,0,0,0,0,0,1,0,0,2,0,0,4
Moves Like Jagger,Maroon 5 Ft. Christina Aguilera,0,0,0,0,2,0,0,0,0,2,0,0,0,0,4,0,0,0,3,0,3,3,0,1,0,1,0,4,2,0,0,2
Payphone,Maroon 5 Ft. Wiz Khalifa,0,0,0,0,2,1,0,0,0,2,0,0,0,0,5,0,0,0,3,0,3,0,0,0,0,1,0,3,2,0,0,3
Happier,Marshmello & Bastille,0,0,0,0,0,1,0,0,0,3,0,0,0,0,3,0,0,0,0,0,0,0,0,0,0,1,0,0,2,0,0,0
Astronaut In The Ocean,Masked Wolf,0,0,0,0,0,0,0,0,0,0,0,0,0,0,0,0,0,0,0,0,0,0,0,0,0,1,0,0,2,0,0,5
Turn The Lights Down Low,Max & Gnash,0,0,0,0,0,0,0,0,0,0,0,0,0,0,4,0,0,0,0,0,0,0,0,0,0,1,0,0,2,0,0,0
Savage,Megan Thee Stallion,0,0,0,0,0,0,0,0,0,3,0,0,0,0,0,0,0,0,0,0,0,3,0,4,0,1,0,0,2,0,0,0
Made You Look,Meghan Trainor,0,0,0,0,0,0,0,0,0,2,0,0,0,0,0,0,0,0,0,0,0,0,0,0,0,1,0,0,2,0,0,0
Lunchbox Friends,Melanie Martinez,0,0,0,0,0,0,0,0,0,3,0,0,0,0,0,0,0,0,0,0,0,0,0,0,0,1,0,0,2,0,0,0
Play Date,Melanie Martinez,5,0,0,0,0,0,0,0,0,0,0,0,0,0,0,0,0,0,5,0,0,0,0,0,0,1,0,0,2,0,0,0
Bad And Boujee,Migos Ft. Lil Uzi Vert,0,0,0,0,0,0,0,0,0,0,0,0,0,0,2,0,0,0,0,0,0,3,0,0,0,1,0,3,2,0,0,0
I Took A Pill In Ibiza (Seeb Remix),Mike Posner,0,0,0,0,4,1,0,0,0,3,0,0,0,0,0,0,0,0,0,0,0,0,0,0,0,1,0,0,2,0,0,0
I Took A Pill In Ibiza,Mike Posner,0,0,0,0,4,1,0,0,0,3,0,0,0,0,3,0,0,0,0,0,0,0,0,0,0,1,0,0,2,0,0,0
Flowers,Miley Cyrus,5,0,0,0,2,0,0,0,0,3,0,0,0,0,2,0,0,0,3,0,0,4,0,0,0,1,0,0,2,0,0,3
Wrecking Ball,Miley Cyrus,0,0,0,0,3,0,0,0,0,3,0,0,0,0,2,0,0,0,2,0,0,2,0,0,0,1,0,0,3,0,0,3
Stolen Dance,Milky Chance,0,0,0,0,0,0,0,0,0,3,0,0,0,0,0,0,0,0,0,0,0,0,0,0,0,1,0,0,3,0,0,0
Whiskey Glasses,Morgan Wallen,0,0,0,0,0,0,0,0,0,3,0,0,0,0,0,0,0,0,0,0,0,0,0,0,0,1,0,0,3,0,0,0
Eta,Newjeans,0,4,0,0,0,0,0,0,0,0,0,0,0,0,3,0,0,0,5,0,0,0,0,0,0,1,0,0,3,0,0,0
Omg,Newjeans,0,4,0,0,0,0,0,0,0,0,0,0,0,0,3,0,0,0,5,0,0,0,0,0,0,1,0,0,3,0,0,0
Super Shy,Newjeans,0,4,0,0,0,0,0,0,0,0,0,0,4,0,3,0,0,0,5,0,0,0,0,0,0,1,0,0,3,0,0,0
Jealous,Nick Jonas,5,0,0,0,0,0,0,0,0,0,0,0,0,0,3,0,0,0,0,0,0,0,0,0,0,1,0,0,3,0,0,0
Stick Season,Noah Kahan,0,0,0,0,0,0,0,0,0,3,0,0,0,0,0,0,0,0,0,0,0,0,0,0,0,1,0,0,3,0,0,0
Pumpin Blood,Nonono,0,0,0,0,0,0,0,0,0,3,0,0,0,0,0,0,0,0,0,0,0,0,0,0,0,1,0,0,3,0,0,0
Little Talks,Of Monsters And Men,1,0,0,0,4,0,0,0,0,3,0,0,0,0,0,0,0,0,0,0,0,0,0,0,0,1,0,0,3,0,0,0
Drivers License,Olivia Rodrigo,0,0,0,0,0,0,0,0,0,0,0,0,0,0,2,0,0,0,0,0,0,0,0,0,0,1,0,0,3,0,0,0
Good 4 U,Olivia Rodrigo,4,0,0,0,0,0,0,0,0,0,0,0,0,0,3,0,0,0,2,0,0,4,0,0,0,1,0,0,3,0,0,0
Vampire,Olivia Rodrigo,3,0,0,0,0,0,0,0,0,0,0,0,0,0,2,0,0,0,0,1,0,0,0,0,0,1,0,0,3,0,0,0
High Hopes,Panic! At The Disco,0,0,0,0,0,0,0,0,0,3,0,0,0,0,0,0,0,0,0,0,0,0,0,0,0,1,0,0,3,0,0,0
Let Her Go,Passenger,0,0,0,0,5,0,0,0,0,2,0,0,0,0,0,0,0,0,0,0,0,0,0,0,0,3,0,0,3,0,0,4
Take A Walk,Passion Pit,2,0,0,0,0,0,0,0,0,3,0,0,0,0,0,0,0,0,0,0,0,,0,0,0,1,0,0,3,0,0,0
Hallelujah,Pentatonix,0,0,0,0,0,0,0,0,0,0,0,0,0,0,0,0,0,0,0,0,0,0,0,3,0,1,0,0,3,0,0,5
Happy,Pharrell Williams,0,0,0,0,0,0,0,0,0,3,0,0,0,0,2,0,0,0,0,0,5,4,0,0,0,1,0,3,3,1,0,4
Kyoto,Phoebe Bridgers,0,0,0,0,0,0,0,0,0,4,0,0,0,0,0,0,0,0,0,0,0,0,0,0,0,1,0,0,3,0,0,0
Motion Sickness,Phoebe Bridgers,0,0,0,0,0,0,0,0,0,4,0,0,0,0,0,0,0,0,0,0,0,0,0,0,0,1,0,0,3,0,0,0
Rapstar,Polo G,0,0,0,0,0,0,0,0,0,0,0,0,0,0,2,0,0,0,0,0,0,0,0,0,0,1,0,0,3,0,0,0
Feel It Still,Portugal. The Man,0,0,0,0,0,0,0,0,0,4,0,0,0,0,0,0,0,0,0,0,0,0,0,0,0,1,0,0,3,0,0,3
Circles,Post Malone,0,0,0,0,0,0,0,0,0,3,0,0,5,0,3,0,0,0,0,0,0,4,0,0,0,1,0,0,3,0,0,0
I Had Some Help,Post Malone & Morgan Wallen,0,0,0,0,0,0,0,0,0,2,0,0,0,0,0,0,0,0,0,0,0,0,0,0,0,1,0,0,3,0,0,0
Rockstar,Post Malone Ft. 21 Savage,0,0,0,0,0,0,0,0,0,2,0,0,0,0,3,0,0,0,0,0,0,4,0,0,0,1,0,0,3,0,0,0
Death Bed (Coffee For Your Head),Powfu Ft. Beabadoobee,0,0,0,0,0,0,0,0,0,3,0,0,0,0,0,0,0,0,0,0,0,0,0,0,0,1,0,0,3,0,0,0
Bohemian Rhapsody,Queen,0,0,0,0,0,0,0,0,0,4,0,0,0,0,0,0,0,0,0,0,5,5,0,0,0,3,0,5,3,0,0,2
Don'T Stop Me Now,Queen,1,0,0,0,0,0,0,0,0,4,0,0,0,0,0,0,0,0,0,0,5,5,0,0,0,3,0,4,3,1,0,0
Quédate,Quevedo & Bizarrap,0,0,0,0,0,0,0,0,0,0,0,0,0,0,0,0,0,0,0,0,0,0,0,0,0,1,0,0,3,0,0,0
Motion Picture Soundtrack (Live),Radiohead,0,0,0,0,0,0,0,0,0,1,0,0,5,0,0,0,0,0,0,0,0,3,0,5,0,1,0,0,3,0,0,0
Reckoner,Radiohead,0,0,0,0,0,0,0,0,0,5,0,0,5,0,0,0,0,0,0,0,0,0,0,5,0,1,0,0,3,0,0,0
Todo De Ti,Rauw Alejandro,0,0,0,0,0,0,0,0,0,2,0,0,0,0,4,0,0,0,0,0,0,4,0,0,0,1,0,0,3,0,0,0
Calm Down,Rema & Selena Gomez,0,0,0,0,0,0,0,0,0,4,0,0,0,0,0,0,0,0,0,0,0,0,0,0,0,1,0,0,3,0,0,0
Sunflower,Rex Orange County,0,0,0,0,0,1,0,0,0,0,0,0,0,0,0,0,0,0,0,0,0,0,0,0,0,1,0,0,3,0,0,0
Only Girl (In The World),Rihanna,0,0,0,0,3,1,0,0,0,2,0,0,0,0,4,0,0,0,0,0,0,0,0,0,0,1,0,0,3,0,0,0
We Found Love,Rihanna Ft. Calvin Harris,0,0,0,0,3,1,0,0,0,2,0,0,0,0,3,0,0,0,0,0,0,0,0,0,0,1,0,3,3,0,0,2
Work,Rihanna Ft. Drake,3,0,0,0,0,0,0,0,0,1,0,0,0,0,2,0,0,0,0,0,0,0,0,0,0,1,0,0,3,0,0,4
Blurred Lines,Robin Thicke Ft. T.I. & Pharrell Williams,0,0,0,0,2,0,0,0,0,3,0,0,0,0,0,0,0,0,0,0,0,0,0,1,0,1,0,0,3,0,0,0
Dancing On My Own,Robyn,0,0,0,0,0,0,0,0,0,4,0,0,0,0,0,0,0,0,0,0,0,0,0,0,0,1,0,0,3,0,0,0
Somebody'S Watching Me,Rockwell,0,0,0,0,0,0,0,0,0,3,0,0,0,0,0,0,0,0,0,0,0,0,0,0,0,1,0,0,3,0,0,0
The Box,Roddy Ricch,0,0,0,0,0,0,0,0,0,0,0,0,0,0,2,0,0,0,0,0,0,2,0,0,0,1,0,0,3,0,0,0
Espresso,Sabrina Carpenter,0,3,0,0,0,0,0,0,0,0,0,0,0,0,3,0,0,0,0,0,2,2,0,4,0,1,0,0,3,0,0,2
Feather,Sabrina Carpenter,0,4,0,0,0,0,0,0,0,0,0,0,0,0,2,0,0,0,0,0,0,0,0,0,0,1,0,0,3,0,0,0
Please Please Please,Sabrina Carpenter,0,0,0,0,0,0,0,0,0,0,0,0,0,0,2,0,0,0,0,0,0,0,0,0,0,1,0,0,3,0,0,0
Seventeen Going Under,Sam Fender,0,0,0,0,0,0,0,0,0,3,0,0,0,0,0,0,0,0,0,0,0,0,0,0,0,1,0,0,3,0,0,0
Body Like A Back Road,Sam Hunt,0,0,0,0,0,0,0,0,0,0,0,0,0,0,0,0,0,0,0,0,0,0,0,0,0,1,0,0,3,0,0,0
I Know I’M Not The Only One,Sam Smith,0,0,0,0,0,0,0,0,0,3,0,0,0,0,0,0,0,0,0,0,0,0,0,0,0,1,0,0,3,0,0,0
Stay With Me,Sam Smith,0,0,0,0,0,0,0,0,0,3,0,0,0,0,0,0,0,0,0,0,0,0,0,0,0,1,0,0,3,0,0,0
Unholy,Sam Smith & Kim Petras,0,0,0,0,0,0,0,0,0,3,0,0,0,0,0,0,0,0,0,0,0,0,0,0,0,1,0,0,3,0,0,0
Lose You To Love Me,Selena Gomez,0,0,0,0,2,0,0,0,0,0,0,0,0,0,2,0,0,0,0,0,0,0,0,0,0,1,0,0,3,0,0,4
A Bar Song (Tipsy),Shaboozey,0,0,0,0,0,0,0,0,0,0,0,0,0,0,0,0,0,0,0,0,0,0,0,0,0,1,0,0,3,0,0,0
Bzrp Music Sessions Vol. 53,Shakira & Bizarrap,0,0,0,0,0,0,0,0,0,2,0,0,0,0,3,0,0,0,0,0,0,0,0,0,0,1,0,0,3,0,0,0
Stitches,Shawn Mendes,0,0,0,0,2,0,0,0,0,3,0,0,0,0,3,0,0,0,2,0,0,0,0,0,0,1,0,0,3,0,0,0
Treat You Better,Shawn Mendes,0,0,0,0,2,0,0,0,0,3,0,0,0,0,3,0,0,0,0,0,0,0,0,0,0,1,0,0,3,0,0,0
Señorita,Shawn Mendes & Camila Cabella,0,0,0,0,0,0,0,0,0,1,0,0,0,0,3,0,0,0,0,0,0,0,0,0,0,1,0,0,3,0,0,3
Senorita,Shawn Mendes & Camila Cabello,0,0,0,0,0,0,0,0,0,1,0,0,0,0,3,0,0,0,0,0,0,0,0,0,0,1,0,0,3,0,0,0
Chandelier,Sia,0,0,0,0,0,0,0,0,0,4,0,0,0,0,4,0,0,0,0,0,0,0,0,0,0,1,0,0,3,0,0,3
Unstoppable,Sia,0,0,0,0,5,0,0,0,0,3,0,0,0,0,3,0,0,0,0,0,0,0,0,0,0,1,0,0,3,0,0,4
Everything Is Embarrassing,Sky Ferreira,0,0,0,0,0,0,0,0,0,3,0,0,0,0,0,0,0,0,0,0,0,0,0,0,0,1,0,0,3,0,0,0
All Star,Smash Mouth,0,0,0,0,5,0,0,0,0,3,0,0,0,0,0,0,0,0,5,0,4,3,0,1,0,3,0,0,3,0,0,4
Cranes In The Sky,Solange,0,0,0,0,0,0,0,0,0,3,0,0,0,0,0,0,0,0,0,0,0,0,0,0,0,1,0,0,3,0,0,0
Losing You,Solange,0,0,0,0,0,0,0,0,0,3,0,0,0,0,0,0,0,0,0,0,0,0,0,0,0,1,0,0,3,0,0,0
My Demons,Starset,0,0,0,0,0,0,0,0,0,0,0,0,0,0,0,0,0,0,0,0,0,0,0,0,0,1,0,0,3,0,0,0
Ily (I Love You Baby),Surf Mesa Ft. Emilee,0,0,0,0,0,0,0,0,0,2,0,0,0,0,0,0,0,0,0,0,0,0,0,0,0,1,0,0,3,0,0,0
Snooze,Sza,0,5,0,0,0,0,0,0,0,3,0,0,0,0,3,0,0,0,5,0,0,4,0,0,0,1,0,0,3,0,0,0
Love Galore,Sza Ft. Travis Scott,0,4,0,0,0,0,0,0,0,0,0,0,0,0,3,0,0,0,5,0,0,4,0,0,0,1,0,0,3,0,0,0
"New Person, Same Old Mistakes",Tame Impala,0,4,0,0,0,0,0,0,0,3,0,0,0,0,0,0,0,0,5,0,5,4,0,0,0,1,0,0,3,0,0,0
Let It Happen,Tame Impala,0,5,0,0,0,0,0,0,0,5,0,0,0,0,0,0,0,0,5,0,5,4,0,0,0,1,0,0,3,0,0,0
The Less I Know The Better,Tame Impala,0,4,0,0,0,0,0,0,0,5,0,0,0,0,0,0,0,0,5,0,5,4,0,0,0,1,0,4,3,0,0,0
All Too Well (10-Minute Version),Taylor Swift,0,0,0,0,0,0,0,0,0,0,0,0,0,0,0,0,0,0,0,0,0,0,0,3,0,1,0,0,3,0,0,5
All Too Well,Taylor Swift,0,0,0,0,0,0,0,0,0,0,0,0,0,0,0,0,0,0,0,0,0,0,0,0,0,1,0,0,3,0,0,5
Anti-Hero,Taylor Swift,0,0,0,0,0,1,0,0,0,3,0,0,0,0,0,0,0,0,0,0,0,0,0,0,0,1,0,0,3,0,0,0
Blank Space,Taylor Swift,0,0,0,0,0,1,0,0,0,4,0,0,0,0,4,0,0,0,3,0,0,0,0,4,0,1,0,0,3,0,0,5
Cruel Summer,Taylor Swift,0,0,0,0,2,0,0,0,0,3,0,0,0,0,0,0,0,0,0,0,0,0,0,0,0,1,0,0,3,0,0,0
Shake It Off,Taylor Swift,0,0,0,0,0,1,0,0,0,3,0,0,0,0,3,0,0,0,2,0,0,0,0,4,0,1,0,0,3,1,0,4
We Are Never Ever Getting Back Together,Taylor Swift,0,0,0,0,2,0,0,0,0,3,0,0,0,0,3,0,0,0,3,0,0,0,0,0,0,1,0,0,3,0,0,3
Exile,Taylor Swift Ft. Bon Iver,0,0,0,0,0,0,0,0,0,1,0,0,0,0,0,0,0,0,0,0,0,0,0,0,0,1,0,0,3,0,0,5
Lose Control,Teddy Swims,0,0,0,0,0,0,0,0,0,5,0,0,0,0,0,0,0,0,0,0,0,0,0,0,0,1,0,0,3,0,0,0
Somebody Else,The 1975,0,0,0,0,0,0,0,0,0,3,0,0,0,0,0,0,0,0,5,0,0,0,0,0,0,1,0,0,3,0,0,0
Here Comes The Sun,The Beatles,0,0,0,0,0,0,0,0,0,4,0,0,0,0,0,0,0,0,0,0,5,0,0,5,0,3,0,5,3,0,0,4
Something Just Like This,The Chainsmokers & Coldplay,5,0,0,0,5,1,0,0,0,3,0,0,0,0,3,0,0,0,0,0,0,0,0,0,0,1,0,0,3,0,0,0
Don'T Let Me Down,The Chainsmokers Ft. Daya,0,0,0,0,0,1,0,0,0,4,0,0,0,0,3,0,0,0,0,0,0,0,0,0,0,1,0,0,3,0,0,0
Closer,The Chainsmokers Ft. Halsey,0,0,0,0,5,1,0,0,0,2,0,0,0,0,3,0,0,0,0,0,0,0,0,0,0,1,0,0,3,0,0,0
To Build A Home,The Cinematic Orchestra,0,0,0,0,0,0,0,0,0,5,0,0,0,0,0,0,0,0,0,0,0,0,0,0,0,1,0,0,3,0,0,0
Chelsea Dagger,The Fratellis,0,0,0,0,0,0,0,0,0,3,0,0,0,0,0,0,0,0,0,0,0,0,0,0,0,1,0,0,3,0,0,0
Stay,The Kid Laroi & Justin Bieber,5,4,0,0,0,0,0,0,0,2,0,0,0,0,3,0,0,0,0,0,0,0,0,0,0,1,0,0,3,0,0,4
Mr. Brightside,The Killers,0,0,0,0,5,0,0,0,0,4,0,0,0,0,0,0,0,0,0,0,0,0,0,1,0,1,0,0,3,0,0,5
Ho Hey,The Lumineers,0,0,0,0,2,0,0,0,0,4,0,0,0,0,0,0,0,0,0,0,0,0,0,0,0,1,0,0,3,0,0,0
Ophelia,The Lumineers,0,0,0,0,2,0,0,0,0,4,0,0,0,0,0,0,0,0,0,0,0,0,0,0,0,1,0,0,3,0,0,0
The Adults Are Talking,The Strokes,0,0,0,0,0,0,0,0,0,5,0,0,0,0,0,0,0,0,5,0,0,5,0,0,0,1,0,0,3,0,0,0
Blinding Lights,The Weeknd,0,3,0,0,0,0,0,0,0,4,0,0,0,0,3,0,0,0,0,0,4,4,0,0,0,1,0,0,3,0,0,3
Call Out My Name,The Weeknd,0,0,0,0,0,0,0,0,0,4,0,0,0,0,4,0,0,0,4,0,3,4,0,0,0,1,0,0,3,0,0,0
Can'T Feel My Face,The Weeknd,0,2,0,0,0,0,0,0,0,4,0,0,0,0,3,0,0,0,4,0,4,5,0,0,0,1,0,0,3,0,0,0
The Hills,The Weeknd,0,0,0,0,0,0,0,0,0,4,0,0,0,0,4,0,0,0,4,0,4,5,0,0,0,1,0,0,3,0,0,0
Starboy,The Weeknd Ft. Daft Punk,0,0,0,0,2,0,0,0,0,4,0,0,5,0,3,0,0,0,5,0,5,5,0,0,0,1,0,0,3,0,0,0
On Hold,The Xx,0,0,0,0,0,0,0,0,0,4,0,0,0,0,0,0,0,0,0,0,0,0,0,0,0,1,0,0,3,0,0,0
Seasons,Thirty Seconds To Mars,0,0,0,0,0,0,0,0,0,0,0,0,0,0,0,0,0,0,0,0,0,0,0,0,0,1,0,0,3,0,0,0
Die A Happy Man,Thomas Rhett,0,0,0,0,0,0,0,0,0,0,0,0,0,0,0,0,0,0,0,0,0,0,0,0,0,1,0,0,3,0,0,0
Million Dollar Baby,Tommy Richman,0,0,0,0,0,0,0,0,0,3,0,0,0,0,0,0,0,0,0,0,0,0,0,0,0,1,0,0,3,0,0,0
Africa,Toto,0,0,0,0,0,0,0,0,0,3,0,0,0,0,0,0,0,0,0,0,5,0,0,4,0,1,0,0,3,0,0,0
Habits (Stay High),Tove Lo,1,0,0,0,0,0,0,0,0,4,0,0,0,0,0,0,0,0,4,0,0,0,0,0,0,1,0,0,3,0,0,0
Goosebumps,Travis Scott,0,0,0,0,0,0,0,0,0,0,0,0,0,0,4,0,0,0,0,0,4,5,0,0,0,1,0,0,3,0,0,0
Sicko Mode,Travis Scott,0,0,0,0,0,0,0,0,0,0,0,0,0,0,4,0,0,0,0,0,4,4,0,0,0,1,0,0,3,0,0,0
Heathens,Twenty One Pilots,0,0,0,0,2,0,0,0,0,3,0,0,0,0,5,0,0,0,5,0,2,3,0,0,0,1,0,0,3,0,0,0
Ride,Twenty One Pilots,5,0,0,0,0,0,0,0,0,3,0,0,0,0,4,0,0,0,5,0,0,3,0,0,0,1,0,0,3,0,0,0
Stressed Out,Twenty One Pilots,2,0,0,0,0,0,0,0,0,3,0,0,0,0,4,0,0,0,5,0,0,3,0,0,0,1,0,0,3,0,0,0
A-Punk,Vampire Weekend,0,0,0,0,0,0,0,0,0,3,0,0,0,0,0,0,0,0,0,0,0,0,0,0,0,1,0,4,3,0,0,0
Hannah Hunt,Vampire Weekend,2,0,0,0,0,0,0,0,0,3,0,0,0,0,0,0,0,0,0,0,0,0,0,0,0,1,0,0,3,0,0,0
Georgia,Vance Joy,2,0,0,0,0,0,0,0,0,3,0,0,0,0,0,0,0,0,0,0,0,0,0,0,0,1,0,0,3,0,0,0
Riptide,Vance Joy,0,0,0,0,0,0,0,0,0,3,0,0,0,0,0,0,0,0,0,0,0,0,0,0,0,1,0,0,3,0,0,0
Shut Up And Dance,Walk The Moon,0,0,0,0,5,0,0,0,0,3,0,0,0,0,0,0,0,0,3,0,0,0,0,1,0,1,0,0,3,0,0,0
Chaise Longue,Wet Leg,0,0,0,0,0,0,0,0,0,4,0,0,0,0,0,0,0,0,0,0,0,0,0,0,0,1,0,0,3,0,0,0
I Wanna Dance With Somebody (Who Loves Me),Whitney Houston,0,0,0,0,3,0,0,0,0,3,0,0,0,0,0,0,0,0,3,0,0,0,0,3,0,1,0,0,3,0,0,0
See You Again,Wiz Khalifa Ft. Charlie Puth,0,0,0,0,0,1,0,0,0,2,0,0,0,0,3,0,0,0,0,0,2,4,0,0,0,1,0,0,3,0,0,3
La Bebe (Remix),Yng Lvcas & Peso Pluma,0,0,0,0,0,0,0,0,0,0,0,0,0,0,4,0,0,0,0,0,0,0,0,0,0,1,0,0,3,0,0,0
Chicken Fried,Zac Brown Band,0,0,0,0,0,0,0,0,0,3,0,0,0,0,0,0,0,0,0,0,0,0,0,0,0,1,0,0,3,0,0,0
The Middle,"Zedd, Maren Morris & Grey",0,,0,0,0,0,0,0,0,3,0,0,0,0,2,0,0,0,0,0,0,0,0,0,0,1,0,0,3,0,0,0
Thick of It,KSI himself who got the lyrics from the universe,0,0,0,0,0,0,0,0,0,0,0,0,0,0,0,0,0,0,0,0,0,0,0,0,0,0,0,0,0,0,0,0
